Any,Indicador,Nom_Equipament,Valor,Notes_Dades,Notes_Equipament,Codi_Districte,Nom_Districte,Codi_Barri,Nom_Barri,Titularitat,Tipus_Us,Tipus_Equipament,Ambit,Latitud,Longitud
2022,Num_Exposicions_Temporals,"Arxiu Fotogràfic de Barcelona",3,,,01,"Ciutat Vella",04,"Sant Pere, Santa Caterina i la Ribera",Municipal,"Centres d'exposicions","Arxius i biblioteques patrimonials","Història i memòria",41.386872640,2.181806284
2022,Visitants,"Arxiu Fotogràfic de Barcelona",16426,,,01,"Ciutat Vella",04,"Sant Pere, Santa Caterina i la Ribera",Municipal,"Centres d'exposicions","Arxius i biblioteques patrimonials","Història i memòria",41.386872640,2.181806284
2022,Visites_Exposicions_Temporals,"Arxiu Fotogràfic de Barcelona",16426,,,01,"Ciutat Vella",04,"Sant Pere, Santa Caterina i la Ribera",Municipal,"Centres d'exposicions","Arxius i biblioteques patrimonials","Història i memòria",41.386872640,2.181806284
2022,Visitants,"Basílica de la Sagrada Família",3781845,,,02,Eixample,06,"la Sagrada Família",Privada,"Centres patrimonials","Espais d'interès patrimonial","Història i memòria",41.403188985,2.174826626
2022,Num_Exposicions_Temporals,CaixaForum,11,,,03,Sants-Montjuïc,14,"la Font de la Guatlla",Privada,"Centres d'exposicions","Centres d'exposicions","Arts visuals",41.371294526,2.149575441
2022,Visitants,CaixaForum,518809,,,03,Sants-Montjuïc,14,"la Font de la Guatlla",Privada,"Centres d'exposicions","Centres d'exposicions","Arts visuals",41.371294526,2.149575441
2022,Visites_Exposicions_Temporals,CaixaForum,478035,,,03,Sants-Montjuïc,14,"la Font de la Guatlla",Privada,"Centres d'exposicions","Centres d'exposicions","Arts visuals",41.371294526,2.149575441
2022,Num_Exposicions_Temporals,"Can Framis. Fundació Vila Casas",6,,,10,"Sant Martí",66,"el Parc i la Llacuna del Poblenou",Privada,"Centres patrimonials","Museus i col·leccions","Arts visuals",41.402912812,2.194947848
2022,Visitants,"Can Framis. Fundació Vila Casas",13087,,,10,"Sant Martí",66,"el Parc i la Llacuna del Poblenou",Privada,"Centres patrimonials","Museus i col·leccions","Arts visuals",41.402912812,2.194947848
2022,Visites_Exposicions_Temporals,"Can Framis. Fundació Vila Casas",19053,,,10,"Sant Martí",66,"el Parc i la Llacuna del Poblenou",Privada,"Centres patrimonials","Museus i col·leccions","Arts visuals",41.402912812,2.194947848
2022,Visitants,"Casa Amatller",14753,,,02,Eixample,07,"la Dreta de l'Eixample",Privada,"Centres patrimonials","Espais d'interès patrimonial","Història i memòria",41.3913381,2.16468108
2022,Visitants,"Casa Batlló",932851,,,02,Eixample,07,"la Dreta de l'Eixample",Privada,"Centres patrimonials","Espais d'interès patrimonial","Història i memòria",41.3916967,2.1649608
2022,Visitants,"Casa Museu Gaudí",95086,,,06,Gràcia,30,"la Salut",Privada,"Centres patrimonials","Espais d'interès patrimonial","Història i memòria",41.414781293,2.155046761
2022,Num_Exposicions_Temporals,"Casa Vicens",2,,,06,Gràcia,31,"la Vila de Gràcia",Privada,"Centres patrimonials","Espais d'interès patrimonial","Història i memòria",41.4036093,2.1512308
2022,Visitants,"Casa Vicens",126632,,,06,Gràcia,31,"la Vila de Gràcia",Privada,"Centres patrimonials","Espais d'interès patrimonial","Història i memòria",41.4036093,2.1512308
2022,Visites_Exposicions_Temporals,"Casa Vicens",124391,,,06,Gràcia,31,"la Vila de Gràcia",Privada,"Centres patrimonials","Espais d'interès patrimonial","Història i memòria",41.4036093,2.1512308
2022,Num_Exposicions_Temporals,"Castell de Montjuïc",5,,,03,Sants-Montjuïc,11,"el Poble Sec",Municipal,"Centres patrimonials","Museus i col·leccions","Història i memòria",41.3675648,2.1685315
2022,Visitants,"Castell de Montjuïc",684031,,,03,Sants-Montjuïc,11,"el Poble Sec",Municipal,"Centres patrimonials","Museus i col·leccions","Història i memòria",41.3675648,2.1685315
2022,Visites_Exposicions_Temporals,"Castell de Montjuïc",322868,,,03,Sants-Montjuïc,11,"el Poble Sec",Municipal,"Centres patrimonials","Museus i col·leccions","Història i memòria",41.3675648,2.1685315
2022,Num_Exposicions_Temporals,"Centre de Cultura Contemporània de Barcelona. CCCB",5,,,01,"Ciutat Vella",01,"el Raval","Consorci o fundació amb presència municipal","Centres d'exposicions","Centres d'exposicions","Arts visuals",41.383883057,2.166795152
2022,Visitants,"Centre de Cultura Contemporània de Barcelona. CCCB",315664,,,01,"Ciutat Vella",01,"el Raval","Consorci o fundació amb presència municipal","Centres d'exposicions","Centres d'exposicions","Arts visuals",41.383883057,2.166795152
2022,Visites_Exposicions_Temporals,"Centre de Cultura Contemporània de Barcelona. CCCB",218990,,,01,"Ciutat Vella",01,"el Raval","Consorci o fundació amb presència municipal","Centres d'exposicions","Centres d'exposicions","Arts visuals",41.383883057,2.166795152
2022,Fons_Colleccio,CosmoCaixa,8232,,,05,"Sarrià-Sant Gervasi",25,"Sant Gervasi - la Bonanova",Privada,"Centres patrimonials","Museus i col·leccions",Ciència,41.413267367,2.130658424
2022,Num_Exposicions_Temporals,CosmoCaixa,2,,,05,"Sarrià-Sant Gervasi",25,"Sant Gervasi - la Bonanova",Privada,"Centres patrimonials","Museus i col·leccions",Ciència,41.413267367,2.130658424
2022,Visitants,CosmoCaixa,818940,,,05,"Sarrià-Sant Gervasi",25,"Sant Gervasi - la Bonanova",Privada,"Centres patrimonials","Museus i col·leccions",Ciència,41.413267367,2.130658424
2022,Visites_Exposicions_Temporals,CosmoCaixa,516008,,,05,"Sarrià-Sant Gervasi",25,"Sant Gervasi - la Bonanova",Privada,"Centres patrimonials","Museus i col·leccions",Ciència,41.413267367,2.130658424
2022,Num_Exposicions_Temporals,"Disseny Hub Barcelona. DHUB",3,,,10,"Sant Martí",66,"el Parc i la Llacuna del Poblenou",Municipal,"Centres d'exposicions","Centres d'exposicions","Multidisciplinaris i altres",41.402807184501505,2.187759434220152
2022,Visitants,"Disseny Hub Barcelona. DHUB",101927,"Inclou els 21.000 assistents als 3 dies d'activitat del Festival Llum Barcelona 2022 i a la sessió ""Beat BCN"" del mes de febrer.",,10,"Sant Martí",66,"el Parc i la Llacuna del Poblenou",Municipal,"Centres d'exposicions","Centres d'exposicions","Multidisciplinaris i altres",41.402807184501505,2.187759434220152
2022,Visites_Exposicions_Temporals,"Disseny Hub Barcelona. DHUB",62420,,,10,"Sant Martí",66,"el Parc i la Llacuna del Poblenou",Municipal,"Centres d'exposicions","Centres d'exposicions","Multidisciplinaris i altres",41.402807184501505,2.187759434220152
2022,Num_Exposicions_Temporals,"El Born Centre de Cultura i Memòria",3,,,01,"Ciutat Vella",04,"Sant Pere, Santa Caterina i la Ribera",Municipal,"Centres patrimonials","Museus i col·leccions","Història i memòria",41.385641483,2.183568044
2022,Visitants,"El Born Centre de Cultura i Memòria",752121,"Del total de visitants s'han descomptat les persones que passen pel Born Centre de Cultura i Memòria però que no en fan cap ús cultural (un 15%, segons enquestes de públic 2015-2018).",,01,"Ciutat Vella",04,"Sant Pere, Santa Caterina i la Ribera",Municipal,"Centres patrimonials","Museus i col·leccions","Història i memòria",41.385641483,2.183568044
2022,Visites_Exposicions_Temporals,"El Born Centre de Cultura i Memòria",24351,,,01,"Ciutat Vella",04,"Sant Pere, Santa Caterina i la Ribera",Municipal,"Centres patrimonials","Museus i col·leccions","Història i memòria",41.385641483,2.183568044
2022,Visitants,"Espai Bombers Parc de la Prevenció",12709,,"L'Espai Bombers Parc de la Prevenció es va inaugurar l'11 de novembre de 2016",03,Sants-Montjuïc,11,"el Poble Sec",Municipal,"Centres patrimonials","Museus i col·leccions","Història i memòria",41.373639,2.1543788
2022,Visitants,"Espais patrimonials del MUHBA",334442,,,01,"Ciutat Vella",02,"el Barri Gòtic",Municipal,"Centres patrimonials","Espais d'interès patrimonial","Història i memòria",,
2022,Num_Exposicions_Temporals,"Espais VolART i VolART2. Fundació Vila Casas",3,,,02,Eixample,07,"la Dreta de l'Eixample",Privada,"Centres d'exposicions","Centres d'exposicions","Arts visuals",41.390963134,2.175293998
2022,Visitants,"Espais VolART i VolART2. Fundació Vila Casas",15942,,,02,Eixample,07,"la Dreta de l'Eixample",Privada,"Centres d'exposicions","Centres d'exposicions","Arts visuals",41.390963134,2.175293998
2022,Visites_Exposicions_Temporals,"Espais VolART i VolART2. Fundació Vila Casas",15942,,,02,Eixample,07,"la Dreta de l'Eixample",Privada,"Centres d'exposicions","Centres d'exposicions","Arts visuals",41.390963134,2.175293998
2022,Num_Exposicions_Temporals,"Fabra i Coats - Centre d'Art Contemporani",6,,,09,"Sant Andreu",60,"Sant Andreu",Municipal,"Centres d'exposicions","Centres d'exposicions","Arts visuals",41.433762956,2.190815632
2022,Visitants,"Fabra i Coats - Centre d'Art Contemporani",9951,,,09,"Sant Andreu",60,"Sant Andreu",Municipal,"Centres d'exposicions","Centres d'exposicions","Arts visuals",41.433762956,2.190815632
2022,Visites_Exposicions_Temporals,"Fabra i Coats - Centre d'Art Contemporani",8268,,,09,"Sant Andreu",60,"Sant Andreu",Municipal,"Centres d'exposicions","Centres d'exposicions","Arts visuals",41.433762956,2.190815632
2022,Num_Exposicions_Temporals,"Fundació Antoni Tàpies",6,,,02,Eixample,07,"la Dreta de l'Eixample","Consorci o fundació amb presència municipal","Centres patrimonials","Museus i col·leccions","Arts visuals",41.391522171,2.163757744
2022,Visitants,"Fundació Antoni Tàpies",32527,,,02,Eixample,07,"la Dreta de l'Eixample","Consorci o fundació amb presència municipal","Centres patrimonials","Museus i col·leccions","Arts visuals",41.391522171,2.163757744
2022,Visites_Exposicions_Temporals,"Fundació Antoni Tàpies",65054,,,02,Eixample,07,"la Dreta de l'Eixample","Consorci o fundació amb presència municipal","Centres patrimonials","Museus i col·leccions","Arts visuals",41.391522171,2.163757744
2022,Fons_Colleccio,"Fundació Foto Colectania",28091,,,01,"Ciutat Vella",04,"Sant Pere, Santa Caterina i la Ribera",Privada,"Centres patrimonials","Museus i col·leccions","Arts visuals",41.3876349,2.1827391
2022,Num_Exposicions_Temporals,"Fundació Foto Colectania",4,,,01,"Ciutat Vella",04,"Sant Pere, Santa Caterina i la Ribera",Privada,"Centres patrimonials","Museus i col·leccions","Arts visuals",41.3876349,2.1827391
2022,Visitants,"Fundació Foto Colectania",26013,,,01,"Ciutat Vella",04,"Sant Pere, Santa Caterina i la Ribera",Privada,"Centres patrimonials","Museus i col·leccions","Arts visuals",41.3876349,2.1827391
2022,Visites_Exposicions_Temporals,"Fundació Foto Colectania",26013,,,01,"Ciutat Vella",04,"Sant Pere, Santa Caterina i la Ribera",Privada,"Centres patrimonials","Museus i col·leccions","Arts visuals",41.3876349,2.1827391
2022,Fons_Colleccio,"Fundació Fran Daurel",470,,,03,Sants-Montjuïc,11,"el Poble Sec",Privada,"Centres patrimonials","Museus i col·leccions","Arts visuals",41.369116603,2.146724957
2022,Visitants,"Fundació Fran Daurel",150455,,,03,Sants-Montjuïc,11,"el Poble Sec",Privada,"Centres patrimonials","Museus i col·leccions","Arts visuals",41.369116603,2.146724957
2022,Fons_Colleccio,"Fundació Joan Miró",20806,,,03,Sants-Montjuïc,11,"el Poble Sec","Consorci o fundació amb presència municipal","Centres patrimonials","Museus i col·leccions","Arts visuals",41.36863,2.159851
2022,Num_Exposicions_Temporals,"Fundació Joan Miró",7,,,03,Sants-Montjuïc,11,"el Poble Sec","Consorci o fundació amb presència municipal","Centres patrimonials","Museus i col·leccions","Arts visuals",41.36863,2.159851
2022,Visitants,"Fundació Joan Miró",289345,"L'1 de març de 2022 la Fundació recupera el seu horari habitual (restringit des de l'esclat de la pandèmia de la covid-19).",,03,Sants-Montjuïc,11,"el Poble Sec","Consorci o fundació amb presència municipal","Centres patrimonials","Museus i col·leccions","Arts visuals",41.36863,2.159851
2022,Visites_Exposicions_Temporals,"Fundació Joan Miró",220571,,,03,Sants-Montjuïc,11,"el Poble Sec","Consorci o fundació amb presència municipal","Centres patrimonials","Museus i col·leccions","Arts visuals",41.36863,2.159851
2022,Visitants,"Fundació Julio Muñoz Ramonet",38319,,,05,"Sarrià-Sant Gervasi",26,"Sant Gervasi - Galvany",Municipal,"Centres patrimonials","Espais d'interès patrimonial","Història i memòria",41.39656898913028,2.147035912539778
2022,Fons_Colleccio,"Fundació Suñol",1343,,,04,"Les Corts",20,"la Maternitat i Sant Ramon",Privada,"Centres patrimonials","Museus i col·leccions","Arts visuals",41.3826167,2.1262746
2022,Num_Exposicions_Temporals,"Fundació Suñol",4,,,04,"Les Corts",20,"la Maternitat i Sant Ramon",Privada,"Centres patrimonials","Museus i col·leccions","Arts visuals",41.3826167,2.1262746
2022,Visitants,"Fundació Suñol",1963,,,04,"Les Corts",20,"la Maternitat i Sant Ramon",Privada,"Centres patrimonials","Museus i col·leccions","Arts visuals",41.3826167,2.1262746
2022,Visites_Exposicions_Temporals,"Fundació Suñol",1963,,,04,"Les Corts",20,"la Maternitat i Sant Ramon",Privada,"Centres patrimonials","Museus i col·leccions","Arts visuals",41.3826167,2.1262746
2022,Num_Exposicions_Temporals,"Hash Marihuana Cáñamo & Hemp Museum",1,,,01,"Ciutat Vella",02,"el Barri Gòtic",Privada,"Centres patrimonials","Museus i col·leccions","Història i memòria",41.380783393,2.180139311
2022,Num_Exposicions_Temporals,"Ideal - Centre d'Arts Digitals",3,,,10,"Sant Martí",68,"el Poblenou",Privada,"Centres d'exposicions","Centres d'exposicions","Arts visuals",2.20267,41.39795
2022,Visitants,"Ideal - Centre d'Arts Digitals",171309,,,10,"Sant Martí",68,"el Poblenou",Privada,"Centres d'exposicions","Centres d'exposicions","Arts visuals",2.20267,41.39795
2022,Visites_Exposicions_Temporals,"Ideal - Centre d'Arts Digitals",161389,,,10,"Sant Martí",68,"el Poblenou",Privada,"Centres d'exposicions","Centres d'exposicions","Arts visuals",2.20267,41.39795
2022,Num_Exposicions_Temporals,"KBr Fundación MAPFRE",8,,,10,"Sant Martí",67,"la Vila Olímpica del Poblenou",Privada,"Centres d'exposicions","Centres d'exposicions","Arts visuals",41.388415,2.1960494
2022,Visitants,"KBr Fundación MAPFRE",57256,,,10,"Sant Martí",67,"la Vila Olímpica del Poblenou",Privada,"Centres d'exposicions","Centres d'exposicions","Arts visuals",41.388415,2.1960494
2022,Visites_Exposicions_Temporals,"KBr Fundación MAPFRE",57256,,,10,"Sant Martí",67,"la Vila Olímpica del Poblenou",Privada,"Centres d'exposicions","Centres d'exposicions","Arts visuals",41.388415,2.1960494
2022,Visitants,L'Aquàrium,1455020,,,01,"Ciutat Vella",02,"el Barri Gòtic",Privada,"Centres patrimonials","Museus i col·leccions",Ciència,41.376477557,2.184560919
2022,Num_Exposicions_Temporals,"La Capella",10,,,01,"Ciutat Vella",01,"el Raval",Municipal,"Centres d'exposicions","Centres d'exposicions","Arts visuals",41.381057326,2.169793857
2022,Visitants,"La Capella",58844,,,01,"Ciutat Vella",01,"el Raval",Municipal,"Centres d'exposicions","Centres d'exposicions","Arts visuals",41.381057326,2.169793857
2022,Visites_Exposicions_Temporals,"La Capella",65430,,,01,"Ciutat Vella",01,"el Raval",Municipal,"Centres d'exposicions","Centres d'exposicions","Arts visuals",41.381057326,2.169793857
2022,Num_Exposicions_Temporals,"La Model",1,,,02,Eixample,09,"la Nova Esquerra de l'Eixample",Municipal,"Centres patrimonials","Espais d'interès patrimonial","Història i memòria",41.38313067790676,2.1447265959593116
2022,Visitants,"La Model",47218,,,02,Eixample,09,"la Nova Esquerra de l'Eixample",Municipal,"Centres patrimonials","Espais d'interès patrimonial","Història i memòria",41.38313067790676,2.1447265959593116
2022,Num_Exposicions_Temporals,"La Pedrera",2,,,02,Eixample,07,"la Dreta de l'Eixample",Privada,"Centres patrimonials","Espais d'interès patrimonial","Arts visuals",41.395316302,2.162043384
2022,Visitants,"La Pedrera",677663,,,02,Eixample,07,"la Dreta de l'Eixample",Privada,"Centres patrimonials","Espais d'interès patrimonial","Arts visuals",41.395316302,2.162043384
2022,Visites_Exposicions_Temporals,"La Pedrera",35275,,,02,Eixample,07,"la Dreta de l'Eixample",Privada,"Centres patrimonials","Espais d'interès patrimonial","Arts visuals",41.395316302,2.162043384
2022,Num_Exposicions_Temporals,"La Virreina Centre de la Imatge",14,,,01,"Ciutat Vella",01,"el Raval",Municipal,"Centres d'exposicions","Centres d'exposicions","Arts visuals",41.382498322,2.171708630
2022,Visitants,"La Virreina Centre de la Imatge",106734,,,01,"Ciutat Vella",01,"el Raval",Municipal,"Centres d'exposicions","Centres d'exposicions","Arts visuals",41.382498322,2.171708630
2022,Visites_Exposicions_Temporals,"La Virreina Centre de la Imatge",265839,,,01,"Ciutat Vella",01,"el Raval",Municipal,"Centres d'exposicions","Centres d'exposicions","Arts visuals",41.382498322,2.171708630
2022,Fons_Colleccio,"MUHBA Museu d'Història de Barcelona",84656,,,01,"Ciutat Vella",02,"el Barri Gòtic",Municipal,"Centres patrimonials","Museus i col·leccions","Història i memòria",41.384316,2.177521
2022,Num_Exposicions_Temporals,"MUHBA Museu d'Història de Barcelona",10,,,01,"Ciutat Vella",02,"el Barri Gòtic",Municipal,"Centres patrimonials","Museus i col·leccions","Història i memòria",41.384316,2.177521
2022,Visitants,"MUHBA Museu d'Història de Barcelona",626236,,,01,"Ciutat Vella",02,"el Barri Gòtic",Municipal,"Centres patrimonials","Museus i col·leccions","Història i memòria",41.384316,2.177521
2022,Visites_Exposicions_Temporals,"MUHBA Museu d'Història de Barcelona",95604,,,01,"Ciutat Vella",02,"el Barri Gòtic",Municipal,"Centres patrimonials","Museus i col·leccions","Història i memòria",41.384316,2.177521
2022,Fons_Colleccio,"Museu d'Arqueologia de Catalunya",51472,,,03,Sants-Montjuïc,11,"el Poble Sec","Pública no municipal","Centres patrimonials","Museus i col·leccions","Història i memòria",41.370153865,2.157646024
2022,Num_Exposicions_Temporals,"Museu d'Arqueologia de Catalunya",3,,,03,Sants-Montjuïc,11,"el Poble Sec","Pública no municipal","Centres patrimonials","Museus i col·leccions","Història i memòria",41.370153865,2.157646024
2022,Visitants,"Museu d'Arqueologia de Catalunya",37783,,,03,Sants-Montjuïc,11,"el Poble Sec","Pública no municipal","Centres patrimonials","Museus i col·leccions","Història i memòria",41.370153865,2.157646024
2022,Visites_Exposicions_Temporals,"Museu d'Arqueologia de Catalunya",45621,,,03,Sants-Montjuïc,11,"el Poble Sec","Pública no municipal","Centres patrimonials","Museus i col·leccions","Història i memòria",41.370153865,2.157646024
2022,Fons_Colleccio,"Museu d'Art Contemporani de Barcelona. MACBA",6413,,,01,"Ciutat Vella",01,"el Raval","Consorci o fundació amb presència municipal","Centres patrimonials","Museus i col·leccions","Arts visuals",41.383145956,2.167830774
2022,Num_Exposicions_Temporals,"Museu d'Art Contemporani de Barcelona. MACBA",10,,,01,"Ciutat Vella",01,"el Raval","Consorci o fundació amb presència municipal","Centres patrimonials","Museus i col·leccions","Arts visuals",41.383145956,2.167830774
2022,Visitants,"Museu d'Art Contemporani de Barcelona. MACBA",251757,,,01,"Ciutat Vella",01,"el Raval","Consorci o fundació amb presència municipal","Centres patrimonials","Museus i col·leccions","Arts visuals",41.383145956,2.167830774
2022,Visites_Exposicions_Temporals,"Museu d'Art Contemporani de Barcelona. MACBA",336054,,,01,"Ciutat Vella",01,"el Raval","Consorci o fundació amb presència municipal","Centres patrimonials","Museus i col·leccions","Arts visuals",41.383145956,2.167830774
2022,Fons_Colleccio,"Museu d'Història de Catalunya",15230,,,01,"Ciutat Vella",03,"la Barceloneta","Pública no municipal","Centres patrimonials","Museus i col·leccions","Història i memòria",41.380668608,2.185503480
2022,Num_Exposicions_Temporals,"Museu d'Història de Catalunya",3,,,01,"Ciutat Vella",03,"la Barceloneta","Pública no municipal","Centres patrimonials","Museus i col·leccions","Història i memòria",41.380668608,2.185503480
2022,Visitants,"Museu d'Història de Catalunya",106158,,,01,"Ciutat Vella",03,"la Barceloneta","Pública no municipal","Centres patrimonials","Museus i col·leccions","Història i memòria",41.380668608,2.185503480
2022,Visites_Exposicions_Temporals,"Museu d'Història de Catalunya",22038,,,01,"Ciutat Vella",03,"la Barceloneta","Pública no municipal","Centres patrimonials","Museus i col·leccions","Història i memòria",41.380668608,2.185503480
2022,Fons_Colleccio,"Museu de Cera",169,,,01,"Ciutat Vella",02,"el Barri Gòtic",Privada,"Centres patrimonials","Museus i col·leccions","Història i memòria",41.377099024,2.177442932
2022,Visitants,"Museu de Cera",97272,,,01,"Ciutat Vella",02,"el Barri Gòtic",Privada,"Centres patrimonials","Museus i col·leccions","Història i memòria",41.377099024,2.177442932
2022,Fons_Colleccio,"Museu de Ciències Naturals de Barcelona. MCNB",3244558,,,10,"Sant Martí",70,"el Besòs i el Maresme","Consorci o fundació amb presència municipal","Centres patrimonials","Museus i col·leccions",Ciència,41.410779883,2.220482541
2022,Num_Exposicions_Temporals,"Museu de Ciències Naturals de Barcelona. MCNB",3,,,10,"Sant Martí",70,"el Besòs i el Maresme","Consorci o fundació amb presència municipal","Centres patrimonials","Museus i col·leccions",Ciència,41.410779883,2.220482541
2022,Visitants,"Museu de Ciències Naturals de Barcelona. MCNB",322675,,,10,"Sant Martí",70,"el Besòs i el Maresme","Consorci o fundació amb presència municipal","Centres patrimonials","Museus i col·leccions",Ciència,41.410779883,2.220482541
2022,Visites_Exposicions_Temporals,"Museu de Ciències Naturals de Barcelona. MCNB",127799,,,10,"Sant Martí",70,"el Besòs i el Maresme","Consorci o fundació amb presència municipal","Centres patrimonials","Museus i col·leccions",Ciència,41.410779883,2.220482541
2022,Visitants,"Museu de l'Eròtica",96607,,,01,"Ciutat Vella",02,"el Barri Gòtic",Privada,"Centres patrimonials","Museus i col·leccions","Història i memòria",41.382282529,2.172714946
2022,Fons_Colleccio,"Museu de la Música",3263,,,02,Eixample,05,"el Fort Pienc","Consorci o fundació amb presència municipal","Centres patrimonials","Museus i col·leccions","Història i memòria",41.398366625,2.184867722
2022,Num_Exposicions_Temporals,"Museu de la Música",4,,,02,Eixample,05,"el Fort Pienc","Consorci o fundació amb presència municipal","Centres patrimonials","Museus i col·leccions","Història i memòria",41.398366625,2.184867722
2022,Visitants,"Museu de la Música",38152,,,02,Eixample,05,"el Fort Pienc","Consorci o fundació amb presència municipal","Centres patrimonials","Museus i col·leccions","Història i memòria",41.398366625,2.184867722
2022,Visites_Exposicions_Temporals,"Museu de la Música",33862,,,02,Eixample,05,"el Fort Pienc","Consorci o fundació amb presència municipal","Centres patrimonials","Museus i col·leccions","Història i memòria",41.398366625,2.184867722
2022,Visitants,"Museu de la Xocolata",81031,,,01,"Ciutat Vella",04,"Sant Pere, Santa Caterina i la Ribera",Privada,"Centres patrimonials","Museus i col·leccions","Història i memòria",41.387387733,2.181708405
2022,Fons_Colleccio,"Museu del Disseny de Barcelona",81250,,"El Museu del Disseny de Barcelona es va inaugurar el 13/12/2014.",10,"Sant Martí",66,"el Parc i la Llacuna del Poblenou",Municipal,"Centres patrimonials","Museus i col·leccions","Arts visuals",41.4025295461622,2.1880652060461467
2022,Num_Exposicions_Temporals,"Museu del Disseny de Barcelona",4,,"El Museu del Disseny de Barcelona es va inaugurar el 13/12/2014.",10,"Sant Martí",66,"el Parc i la Llacuna del Poblenou",Municipal,"Centres patrimonials","Museus i col·leccions","Arts visuals",41.4025295461622,2.1880652060461467
2022,Visitants,"Museu del Disseny de Barcelona",137626,,"El Museu del Disseny de Barcelona es va inaugurar el 13/12/2014.",10,"Sant Martí",66,"el Parc i la Llacuna del Poblenou",Municipal,"Centres patrimonials","Museus i col·leccions","Arts visuals",41.4025295461622,2.1880652060461467
2022,Visites_Exposicions_Temporals,"Museu del Disseny de Barcelona",37735,,"El Museu del Disseny de Barcelona es va inaugurar el 13/12/2014.",10,"Sant Martí",66,"el Parc i la Llacuna del Poblenou",Municipal,"Centres patrimonials","Museus i col·leccions","Arts visuals",41.4025295461622,2.1880652060461467
2022,Visitants,"Museu del Futbol Club Barcelona",1298502,,,04,"Les Corts",20,"la Maternitat i Sant Ramon",Privada,"Centres patrimonials","Museus i col·leccions","Història i memòria",41.379059282,2.120267204
2022,Visitants,"Museu dels Autòmats del Tibidabo",104475,,,05,"Sarrià-Sant Gervasi",22,"Vallvidrera, el Tibidabo i les Planes",Municipal,"Centres patrimonials","Museus i col·leccions","Història i memòria",41.42174827,2.11979347
2022,Fons_Colleccio,"Museu Egipci de Barcelona",1238,,,02,Eixample,07,"la Dreta de l'Eixample",Privada,"Centres patrimonials","Museus i col·leccions","Història i memòria",41.393626242,2.164736478
2022,Num_Exposicions_Temporals,"Museu Egipci de Barcelona",2,,,02,Eixample,07,"la Dreta de l'Eixample",Privada,"Centres patrimonials","Museus i col·leccions","Història i memòria",41.393626242,2.164736478
2022,Visitants,"Museu Egipci de Barcelona",252013,,,02,Eixample,07,"la Dreta de l'Eixample",Privada,"Centres patrimonials","Museus i col·leccions","Història i memòria",41.393626242,2.164736478
2022,Visites_Exposicions_Temporals,"Museu Egipci de Barcelona",145838,,,02,Eixample,07,"la Dreta de l'Eixample",Privada,"Centres patrimonials","Museus i col·leccions","Història i memòria",41.393626242,2.164736478
2022,Fons_Colleccio,"Museu Etnològic i de Cultures del Món",74000,,,03,Sants-Montjuïc,11,"el Poble Sec",Municipal,"Centres patrimonials","Museus i col·leccions","Història i memòria",41.369062110,2.155983304
2022,Num_Exposicions_Temporals,"Museu Etnològic i de Cultures del Món",3,,,03,Sants-Montjuïc,11,"el Poble Sec",Municipal,"Centres patrimonials","Museus i col·leccions","Història i memòria",41.369062110,2.155983304
2022,Visitants,"Museu Etnològic i de Cultures del Món",62386,,,03,Sants-Montjuïc,11,"el Poble Sec",Municipal,"Centres patrimonials","Museus i col·leccions","Història i memòria",41.369062110,2.155983304
2022,Visites_Exposicions_Temporals,"Museu Etnològic i de Cultures del Món",31725,,,03,Sants-Montjuïc,11,"el Poble Sec",Municipal,"Centres patrimonials","Museus i col·leccions","Història i memòria",41.369062110,2.155983304
2022,Fons_Colleccio,"Museu Frederic Marès",55000,,,01,"Ciutat Vella",02,"el Barri Gòtic",Municipal,"Centres patrimonials","Museus i col·leccions","Arts visuals",41.384173998,2.176939205
2022,Num_Exposicions_Temporals,"Museu Frederic Marès",1,,,01,"Ciutat Vella",02,"el Barri Gòtic",Municipal,"Centres patrimonials","Museus i col·leccions","Arts visuals",41.384173998,2.176939205
2022,Visitants,"Museu Frederic Marès",50287,,,01,"Ciutat Vella",02,"el Barri Gòtic",Municipal,"Centres patrimonials","Museus i col·leccions","Arts visuals",41.384173998,2.176939205
2022,Visites_Exposicions_Temporals,"Museu Frederic Marès",8862,,,01,"Ciutat Vella",02,"el Barri Gòtic",Municipal,"Centres patrimonials","Museus i col·leccions","Arts visuals",41.384173998,2.176939205
2022,Fons_Colleccio,"Museu Marítim de Barcelona. MMB",390269,,,01,"Ciutat Vella",01,"el Raval","Consorci o fundació amb presència municipal","Centres patrimonials","Museus i col·leccions","Història i memòria",41.375949813,2.176041471
2022,Num_Exposicions_Temporals,"Museu Marítim de Barcelona. MMB",5,,,01,"Ciutat Vella",01,"el Raval","Consorci o fundació amb presència municipal","Centres patrimonials","Museus i col·leccions","Història i memòria",41.375949813,2.176041471
2022,Visitants,"Museu Marítim de Barcelona. MMB",215953,,,01,"Ciutat Vella",01,"el Raval","Consorci o fundació amb presència municipal","Centres patrimonials","Museus i col·leccions","Història i memòria",41.375949813,2.176041471
2022,Visites_Exposicions_Temporals,"Museu Marítim de Barcelona. MMB",37781,,,01,"Ciutat Vella",01,"el Raval","Consorci o fundació amb presència municipal","Centres patrimonials","Museus i col·leccions","Història i memòria",41.375949813,2.176041471
2022,Num_Exposicions_Temporals,"Museu Nacional d'Art de Catalunya. MNAC",9,,,03,Sants-Montjuïc,11,"el Poble Sec","Consorci o fundació amb presència municipal","Centres patrimonials","Museus i col·leccions","Arts visuals",41.368853566,2.153363173
2022,Visitants,"Museu Nacional d'Art de Catalunya. MNAC",549890,,,03,Sants-Montjuïc,11,"el Poble Sec","Consorci o fundació amb presència municipal","Centres patrimonials","Museus i col·leccions","Arts visuals",41.368853566,2.153363173
2022,Visites_Exposicions_Temporals,"Museu Nacional d'Art de Catalunya. MNAC",594327,,,03,Sants-Montjuïc,11,"el Poble Sec","Consorci o fundació amb presència municipal","Centres patrimonials","Museus i col·leccions","Arts visuals",41.368853566,2.153363173
2022,Num_Exposicions_Temporals,"Museu Olímpic i de l'Esport Joan Antoni Samaranch",2,,,03,Sants-Montjuïc,11,"el Poble Sec",Municipal,"Centres patrimonials","Museus i col·leccions","Història i memòria",41.366249336,2.157076095
2022,Visitants,"Museu Olímpic i de l'Esport Joan Antoni Samaranch",42357,,,03,Sants-Montjuïc,11,"el Poble Sec",Municipal,"Centres patrimonials","Museus i col·leccions","Història i memòria",41.366249336,2.157076095
2022,Visites_Exposicions_Temporals,"Museu Olímpic i de l'Esport Joan Antoni Samaranch",21949,,,03,Sants-Montjuïc,11,"el Poble Sec",Municipal,"Centres patrimonials","Museus i col·leccions","Història i memòria",41.366249336,2.157076095
2022,Fons_Colleccio,"Museu Picasso",5255,,,01,"Ciutat Vella",04,"Sant Pere, Santa Caterina i la Ribera","Consorci o fundació amb presència municipal","Centres patrimonials","Museus i col·leccions","Arts visuals",41.385152312,2.180834795
2022,Num_Exposicions_Temporals,"Museu Picasso",5,,,01,"Ciutat Vella",04,"Sant Pere, Santa Caterina i la Ribera","Consorci o fundació amb presència municipal","Centres patrimonials","Museus i col·leccions","Arts visuals",41.385152312,2.180834795
2022,Visitants,"Museu Picasso",794806,,,01,"Ciutat Vella",04,"Sant Pere, Santa Caterina i la Ribera","Consorci o fundació amb presència municipal","Centres patrimonials","Museus i col·leccions","Arts visuals",41.385152312,2.180834795
2022,Visites_Exposicions_Temporals,"Museu Picasso",759735,,,01,"Ciutat Vella",04,"Sant Pere, Santa Caterina i la Ribera","Consorci o fundació amb presència municipal","Centres patrimonials","Museus i col·leccions","Arts visuals",41.385152312,2.180834795
2022,Num_Exposicions_Temporals,"Palau Güell",1,,,01,"Ciutat Vella",01,"el Raval","Pública no municipal","Centres patrimonials","Espais d'interès patrimonial","Història i memòria",41.3791747,2.1744127
2022,Visitants,"Palau Güell",183596,,,01,"Ciutat Vella",01,"el Raval","Pública no municipal","Centres patrimonials","Espais d'interès patrimonial","Història i memòria",41.3791747,2.1744127
2022,Visites_Exposicions_Temporals,"Palau Güell",152789,,,01,"Ciutat Vella",01,"el Raval","Pública no municipal","Centres patrimonials","Espais d'interès patrimonial","Història i memòria",41.3791747,2.1744127
2022,Num_Exposicions_Temporals,"Palau Robert",17,,,02,Eixample,07,"la Dreta de l'Eixample","Pública no municipal","Centres d'exposicions","Centres d'exposicions","Arts visuals",41.396100952,2.159514266
2022,Visitants,"Palau Robert",447654,,,02,Eixample,07,"la Dreta de l'Eixample","Pública no municipal","Centres d'exposicions","Centres d'exposicions","Arts visuals",41.396100952,2.159514266
2022,Visites_Exposicions_Temporals,"Palau Robert",447654,,,02,Eixample,07,"la Dreta de l'Eixample","Pública no municipal","Centres d'exposicions","Centres d'exposicions","Arts visuals",41.396100952,2.159514266
2022,Visitants,"Park Güell",4660467,,,06,Gràcia,30,"la Salut",Municipal,"Centres patrimonials","Espais d'interès patrimonial","Història i memòria",41.4134251,2.1531849
2022,Fons_Colleccio,"Pavelló Mies van der Rohe",5877,,,03,Sants-Montjuïc,11,"el Poble Sec","Consorci o fundació amb presència municipal","Centres patrimonials","Espais d'interès patrimonial","Història i memòria",41.370666,2.149491
2022,Num_Exposicions_Temporals,"Pavelló Mies van der Rohe",2,,,03,Sants-Montjuïc,11,"el Poble Sec","Consorci o fundació amb presència municipal","Centres patrimonials","Espais d'interès patrimonial","Història i memòria",41.370666,2.149491
2022,Visitants,"Pavelló Mies van der Rohe",88437,,,03,Sants-Montjuïc,11,"el Poble Sec","Consorci o fundació amb presència municipal","Centres patrimonials","Espais d'interès patrimonial","Història i memòria",41.370666,2.149491
2022,Visites_Exposicions_Temporals,"Pavelló Mies van der Rohe",6669,,,03,Sants-Montjuïc,11,"el Poble Sec","Consorci o fundació amb presència municipal","Centres patrimonials","Espais d'interès patrimonial","Història i memòria",41.370666,2.149491
2022,Visitants,"Recinte Modernista de Sant Pau",214342,,,07,Horta-Guinardó,35,"el Guinardó","Consorci o fundació amb presència municipal","Centres patrimonials","Espais d'interès patrimonial","Història i memòria",41.4118413,2.1744033
2022,Fons_Colleccio,"Reial Monestir de Santa Maria de Pedralbes",8380,,,04,"Les Corts",21,Pedralbes,Municipal,"Centres patrimonials","Museus i col·leccions","Història i memòria",41.395574166,2.112056853
2022,Visitants,"Reial Monestir de Santa Maria de Pedralbes",80024,,,04,"Les Corts",21,Pedralbes,Municipal,"Centres patrimonials","Museus i col·leccions","Història i memòria",41.395574166,2.112056853
2022,Num_Exposicions_Temporals,"Santa Mònica",4,,,01,"Ciutat Vella",01,"el Raval","Pública no municipal","Centres d'exposicions","Centres d'exposicions","Arts visuals",41.377227254,2.175597264
2022,Visitants,"Santa Mònica",25593,,,01,"Ciutat Vella",01,"el Raval","Pública no municipal","Centres d'exposicions","Centres d'exposicions","Arts visuals",41.377227254,2.175597264
2022,Visites_Exposicions_Temporals,"Santa Mònica",19256,,,01,"Ciutat Vella",01,"el Raval","Pública no municipal","Centres d'exposicions","Centres d'exposicions","Arts visuals",41.377227254,2.175597264
2022,Visitants,"Zoo de Barcelona",740053,,,01,"Ciutat Vella",04,"Sant Pere, Santa Caterina i la Ribera",Municipal,"Centres patrimonials","Museus i col·leccions",Ciència,41.386823,2.190346
